Astronaut_ID,Age,Mission_Days,Heart_Rate,Blood_Pressure,Bone_Density,Sleep_Hours,Symptom
AST-001,34,147,65,118/78,0.94,4.8,Sleep Disruption & High Stress
AST-002,36,176,71,125/86,1.07,5.5,Mild Fatigue
AST-003,34,297,60,121/76,1.09,5.2,None
AST-004,30,174,85,113/71,1.03,7.2,Headache
AST-005,52,229,78,138/70,1.13,4.3,Headache
AST-006,55,296,66,117/74,1.06,6.9,Mild Microgravity Atrophy
AST-007,44,115,89,132/71,0.86,4.6,Sleep Disruption
AST-008,50,155,83,129/79,0.85,7.8,Headache
AST-009,45,166,79,126/83,0.91,7.6,None
AST-010,38,52,78,126/85,1.1,5.5,Sleep Disruption
AST-011,52,126,74,112/85,1.11,7.4,Sleep Disruption
AST-012,50,311,63,114/77,1.03,6.7,None
AST-013,41,30,77,123/68,0.9,6.4,Mild Microgravity Atrophy
AST-014,51,153,87,127/85,1.02,4.7,Sleep Disruption
AST-015,41,60,60,126/84,0.98,7.9,Elevated Stress
AST-016,28,55,67,115/73,1.0,8.1,Joint Stiffness
AST-017,51,288,66,120/78,0.87,7.7,Mild Microgravity Atrophy
AST-018,45,197,66,106/88,0.89,7.5,Elevated Stress
AST-019,31,295,71,109/73,1.09,5.4,Cognitive Slowing
AST-020,48,52,83,108/69,0.92,8.5,Headache
AST-021,42,182,74,120/88,0.89,7.9,Elevated Stress
AST-022,47,211,86,138/87,1.08,4.4,Cognitive Slowing
AST-023,53,61,68,136/72,0.88,6.7,None
AST-024,39,226,86,117/83,0.91,5.6,Headache
AST-025,55,45,85,137/87,1.01,6.5,Headache
AST-026,54,219,67,113/83,1.03,7.6,Elevated Stress
AST-027,37,57,85,138/84,0.9,4.9,Headache
AST-028,33,251,91,116/75,0.86,5.8,Mild Microgravity Atrophy
AST-029,42,58,75,116/83,0.96,4.6,Mild Fatigue
AST-030,51,73,82,138/83,0.91,7.9,Headache
AST-031,44,95,64,105/69,1.15,4.9,Mild Microgravity Atrophy
AST-032,30,302,71,119/82,1.08,5.3,None
AST-033,39,213,87,137/81,0.97,6.4,Cognitive Slowing
AST-034,41,303,87,138/87,0.9,7.3,Headache
AST-035,32,140,90,132/69,1.0,5.2,Mild Fatigue
AST-036,49,188,83,132/86,0.89,7.0,Mild Microgravity Atrophy
AST-037,54,165,86,110/75,0.87,7.9,Elevated Stress
AST-038,45,102,90,138/87,0.88,5.0,Joint Stiffness
AST-039,43,68,91,130/79,1.13,6.5,Sleep Disruption
AST-040,52,247,88,109/74,0.97,6.3,Headache
AST-041,35,177,89,138/79,1.11,7.9,Headache
AST-042,51,269,89,105/74,0.94,5.5,Cognitive Slowing
AST-043,34,39,65,134/81,0.89,7.0,Mild Microgravity Atrophy
AST-044,47,201,66,136/87,0.96,5.6,Cognitive Slowing
AST-045,47,320,81,128/77,0.98,7.1,None
AST-046,41,199,70,118/88,1.06,4.3,None
AST-047,48,232,65,123/81,0.9,4.6,Elevated Stress
AST-048,30,43,73,115/79,0.93,8.0,Elevated Stress
AST-049,47,252,61,111/78,0.97,5.6,Cognitive Slowing
AST-050,48,223,62,117/75,0.89,4.7,Sleep Disruption
AST-051,40,95,59,110/83,0.94,6.0,Cognitive Slowing
AST-052,36,184,71,107/75,1.11,6.0,Cognitive Slowing
AST-053,42,16,82,129/68,1.07,4.5,None
AST-054,50,158,82,136/78,1.07,6.3,Mild Microgravity Atrophy
AST-055,49,43,70,109/86,1.05,7.0,None
AST-056,37,105,74,131/75,0.85,8.5,Mild Fatigue
AST-057,35,65,88,122/74,1.1,6.3,Joint Stiffness
AST-058,36,90,60,131/81,0.92,7.0,Mild Fatigue
AST-059,42,49,72,132/87,0.92,4.8,Mild Microgravity Atrophy
AST-060,37,191,70,133/83,1.01,7.9,Elevated Stress
AST-061,44,171,86,128/88,1.0,4.9,Cognitive Slowing
AST-062,50,149,68,108/86,1.12,7.7,Headache
AST-063,34,82,61,125/69,1.09,4.3,None
AST-064,44,107,65,113/82,1.05,4.5,Mild Microgravity Atrophy
AST-065,46,79,59,106/78,0.98,7.2,Cognitive Slowing
AST-066,48,83,61,105/80,1.04,7.2,Cognitive Slowing
AST-067,38,241,85,105/68,0.98,5.0,Headache
AST-068,50,58,76,131/78,1.06,7.9,Mild Fatigue
AST-069,40,14,63,117/87,0.96,4.5,Mild Fatigue
AST-070,39,216,64,117/82,1.03,7.2,Mild Fatigue
AST-071,37,284,61,136/79,0.89,8.4,Cognitive Slowing
AST-072,52,199,89,119/74,1.05,6.1,Elevated Stress
AST-073,35,266,67,117/84,1.14,5.8,Sleep Disruption
AST-074,37,312,91,126/86,1.04,6.5,Mild Microgravity Atrophy
AST-075,30,262,68,111/87,1.08,6.7,Mild Fatigue
AST-076,40,114,72,116/71,0.87,8.2,Headache
AST-077,32,197,88,122/70,1.02,5.5,Joint Stiffness
AST-078,35,159,89,121/74,0.88,7.7,Joint Stiffness
AST-079,48,214,86,114/85,0.91,5.6,Joint Stiffness
AST-080,35,240,76,124/70,0.95,5.4,Mild Fatigue
AST-081,51,266,65,108/80,1.08,7.9,Elevated Stress
AST-082,29,138,79,128/88,0.85,4.4,Headache
AST-083,33,104,83,117/78,1.1,6.0,Cognitive Slowing
AST-084,45,88,70,108/84,0.97,7.4,Elevated Stress
AST-085,49,132,75,122/82,1.13,6.0,Cognitive Slowing
AST-086,38,194,80,131/83,1.01,5.8,Mild Fatigue
AST-087,45,187,58,118/88,1.11,6.9,Headache
AST-088,37,165,61,132/82,1.12,5.6,Cognitive Slowing
AST-089,39,281,59,129/84,0.9,6.4,Sleep Disruption
AST-090,32,55,90,115/81,0.86,7.3,Headache
AST-091,31,153,74,125/81,0.88,4.6,Sleep Disruption
AST-092,52,95,83,113/86,1.06,4.4,Joint Stiffness
AST-093,29,199,75,109/81,0.89,6.7,Mild Microgravity Atrophy
AST-094,42,95,73,135/71,0.86,5.8,Cognitive Slowing
AST-095,54,72,71,109/71,0.92,6.7,Cognitive Slowing
AST-096,32,234,81,116/77,1.11,7.4,Headache
AST-097,37,310,58,137/68,1.09,7.1,Cognitive Slowing
AST-098,35,35,82,129/78,1.13,7.7,Sleep Disruption
AST-099,49,210,84,123/85,0.88,4.2,Joint Stiffness
AST-100,45,274,92,134/87,1.02,4.5,Mild Fatigue
AST-101,51,45,69,129/87,1.03,6.4,Elevated Stress
AST-102,46,253,87,136/72,0.9,8.3,Cognitive Slowing
AST-103,49,164,66,126/86,0.85,4.8,Headache
AST-104,53,320,67,130/86,0.99,8.5,Mild Microgravity Atrophy
AST-105,55,5,70,127/85,1.03,7.3,Cognitive Slowing
AST-106,55,204,79,136/75,0.87,8.5,Elevated Stress
AST-107,49,159,66,136/79,1.04,6.3,Cognitive Slowing
AST-108,45,93,61,113/73,1.1,7.8,Joint Stiffness
AST-109,38,34,90,137/71,0.87,4.9,Mild Fatigue
AST-110,33,238,61,117/71,0.88,4.5,Cognitive Slowing
AST-111,42,317,66,110/85,0.95,7.5,Headache
AST-112,39,138,61,106/78,0.92,4.6,Sleep Disruption
AST-113,44,313,64,131/71,0.92,5.8,Mild Fatigue
AST-114,53,169,87,132/80,1.0,6.7,None
AST-115,31,68,64,133/87,1.06,5.6,Headache
AST-116,50,188,61,130/70,1.05,4.6,Elevated Stress
AST-117,35,172,76,132/84,1.03,8.4,Headache
AST-118,41,179,75,121/85,0.87,5.4,Cognitive Slowing
AST-119,55,215,63,113/72,0.9,6.4,Cognitive Slowing
AST-120,31,208,91,106/81,1.02,6.5,Mild Fatigue
AST-121,51,90,81,127/71,0.99,8.1,Elevated Stress
AST-122,29,129,86,112/75,1.04,4.6,Cognitive Slowing
AST-123,32,294,74,125/75,1.04,7.8,Mild Fatigue
AST-124,44,139,91,135/88,1.06,4.9,Mild Microgravity Atrophy
AST-125,53,192,89,112/68,1.08,6.8,Mild Fatigue
AST-126,29,84,62,122/82,0.94,4.8,Mild Fatigue
AST-127,47,202,92,131/87,0.96,4.8,Elevated Stress
AST-128,52,276,89,134/71,0.95,6.2,Sleep Disruption
AST-129,45,23,85,132/80,1.12,7.0,Cognitive Slowing
AST-130,49,31,72,110/70,1.05,7.4,Elevated Stress
AST-131,49,292,66,108/68,1.04,6.0,None
AST-132,36,11,79,118/71,0.85,7.3,Mild Fatigue
AST-133,30,200,58,123/77,1.11,7.5,Headache
AST-134,35,254,60,109/77,0.92,4.5,Cognitive Slowing
AST-135,53,288,71,114/75,1.14,5.5,Sleep Disruption
AST-136,46,15,74,118/81,1.03,5.1,Joint Stiffness
AST-137,41,258,58,118/88,1.01,5.3,Headache
AST-138,50,74,92,116/68,1.0,5.8,Elevated Stress
AST-139,54,263,74,127/84,1.11,5.0,Cognitive Slowing
AST-140,28,41,73,130/71,0.99,7.4,Mild Fatigue
AST-141,38,21,90,130/76,1.13,4.7,Sleep Disruption
AST-142,51,192,85,106/75,1.06,6.7,None
AST-143,41,122,61,110/80,0.98,7.9,Mild Microgravity Atrophy
AST-144,32,119,62,107/78,1.04,7.0,Elevated Stress
AST-145,50,142,78,112/75,0.96,6.2,None
AST-146,50,263,71,106/68,1.07,6.4,Cognitive Slowing
AST-147,28,85,71,138/75,0.93,7.3,Elevated Stress
AST-148,35,239,59,125/84,1.04,6.7,Mild Microgravity Atrophy
AST-149,28,234,63,128/81,1.12,7.6,Headache
AST-150,41,12,70,126/68,0.98,6.7,Headache
AST-151,35,133,68,136/73,1.1,7.4,Headache
AST-152,32,245,91,116/88,0.96,4.7,Joint Stiffness
AST-153,45,320,92,105/73,0.85,7.1,None
AST-154,50,168,90,111/87,0.98,8.0,Joint Stiffness
AST-155,42,34,62,116/88,0.94,5.5,None
AST-156,29,254,88,114/69,1.08,5.4,None
AST-157,41,67,84,120/84,1.05,6.6,Mild Microgravity Atrophy
AST-158,47,198,78,110/75,1.0,7.7,Mild Microgravity Atrophy
AST-159,54,135,82,116/84,1.04,4.9,Joint Stiffness
AST-160,55,311,80,126/88,0.99,4.4,Cognitive Slowing
AST-161,44,13,72,123/69,0.92,7.0,Cognitive Slowing
AST-162,53,92,70,123/73,0.98,4.6,Mild Fatigue
AST-163,36,173,82,110/74,0.98,7.0,Mild Fatigue
AST-164,37,307,73,129/77,1.05,5.3,Sleep Disruption
AST-165,48,234,87,110/75,0.88,7.6,Mild Microgravity Atrophy
AST-166,49,217,65,110/73,0.89,7.1,Mild Microgravity Atrophy
AST-167,47,71,77,122/87,0.96,4.9,Mild Microgravity Atrophy
AST-168,54,34,67,117/75,1.06,7.8,Mild Microgravity Atrophy
AST-169,41,82,81,135/70,1.03,5.6,Headache
AST-170,49,212,84,112/74,0.87,5.5,Sleep Disruption
AST-171,48,120,76,116/82,0.92,8.4,Sleep Disruption
AST-172,32,299,79,129/81,1.08,5.5,Headache
AST-173,29,229,70,137/77,0.9,6.9,Cognitive Slowing
AST-174,31,207,78,138/80,1.07,8.4,Elevated Stress
AST-175,40,260,91,113/76,1.01,7.3,Mild Microgravity Atrophy
AST-176,55,278,62,105/82,1.05,7.3,None
AST-177,55,317,83,120/71,0.86,5.3,Mild Microgravity Atrophy
AST-178,53,212,91,126/69,1.12,8.0,Elevated Stress
AST-179,30,302,91,106/84,0.99,5.1,None
AST-180,55,114,84,105/71,1.1,8.3,Elevated Stress
AST-181,54,79,71,126/69,1.11,4.3,None
AST-182,39,247,92,121/69,1.05,6.8,Cognitive Slowing
AST-183,50,288,72,134/72,0.93,4.2,Elevated Stress
AST-184,55,56,66,128/88,0.95,8.2,None
AST-185,51,118,61,113/72,1.13,5.9,Joint Stiffness
AST-186,34,23,81,117/82,0.98,4.4,None
AST-187,33,209,77,135/71,1.12,6.5,None
AST-188,52,299,83,135/73,1.11,7.8,Cognitive Slowing
AST-189,35,143,91,132/86,0.89,7.1,Mild Microgravity Atrophy
AST-190,53,35,80,126/83,1.04,5.6,Mild Fatigue
AST-191,51,300,79,109/77,0.94,7.5,Elevated Stress
AST-192,41,149,91,129/87,1.02,7.9,Cognitive Slowing
AST-193,31,294,74,123/83,0.98,6.1,Cognitive Slowing
AST-194,43,143,66,132/88,1.01,4.5,Headache
AST-195,42,122,83,131/79,0.91,5.3,Headache
AST-196,46,234,89,132/84,1.09,8.3,Cognitive Slowing
AST-197,38,272,59,112/87,1.07,7.3,Headache
AST-198,29,90,86,130/76,0.86,8.5,Joint Stiffness
AST-199,46,12,77,128/75,1.06,5.2,Headache
AST-200,42,28,80,132/75,0.97,4.7,Mild Fatigue
AST-201,46,41,87,109/86,1.1,6.3,Joint Stiffness
AST-202,53,161,61,114/74,0.98,6.6,None
AST-203,52,141,71,123/86,1.02,7.2,Mild Microgravity Atrophy
AST-204,39,286,59,138/88,1.13,6.3,Headache
AST-205,28,144,74,123/86,1.13,5.4,Cognitive Slowing
AST-206,42,249,84,134/73,1.12,6.8,Mild Fatigue
AST-207,33,65,86,105/81,0.94,8.3,Cognitive Slowing
AST-208,40,180,75,110/70,1.13,5.6,Joint Stiffness
AST-209,54,284,86,125/87,0.85,6.7,Headache
AST-210,32,264,92,115/75,1.05,6.5,Sleep Disruption
AST-211,38,77,66,109/87,1.06,7.0,Mild Fatigue
AST-212,52,11,75,128/71,0.94,5.9,Mild Fatigue
AST-213,31,201,83,135/70,0.87,5.9,Headache
AST-214,36,196,82,111/71,0.89,7.6,Cognitive Slowing
AST-215,32,126,66,133/78,1.07,6.4,Mild Fatigue
AST-216,51,95,73,105/70,1.04,5.1,Mild Microgravity Atrophy
AST-217,53,213,90,115/88,1.11,6.5,Mild Fatigue
AST-218,42,82,92,132/71,0.93,5.9,Sleep Disruption
AST-219,32,85,89,122/68,0.93,6.2,Cognitive Slowing
AST-220,46,108,68,112/72,0.91,5.8,Sleep Disruption
AST-221,49,192,90,129/88,1.15,4.6,Mild Microgravity Atrophy
AST-222,37,37,88,135/68,1.15,7.1,Mild Fatigue
AST-223,38,194,78,131/69,0.87,6.7,Sleep Disruption
AST-224,47,130,91,122/81,0.85,6.2,Cognitive Slowing
AST-225,36,18,70,131/83,1.13,5.9,Cognitive Slowing
AST-226,51,142,62,123/82,0.96,4.8,Headache
AST-227,49,61,83,105/71,0.91,4.6,Joint Stiffness
AST-228,36,293,72,108/81,0.91,6.8,Cognitive Slowing
AST-229,38,296,62,133/71,1.13,5.6,Elevated Stress
AST-230,34,172,78,130/75,0.95,8.0,Mild Microgravity Atrophy
AST-231,41,9,80,113/85,1.09,4.3,Headache
AST-232,51,76,72,129/82,0.86,4.7,Headache
AST-233,54,200,83,134/81,0.98,6.2,Cognitive Slowing
AST-234,30,222,83,110/74,1.1,6.6,Joint Stiffness
AST-235,55,96,77,116/83,0.98,6.7,Sleep Disruption
AST-236,53,289,80,119/73,1.03,7.5,Elevated Stress
AST-237,46,104,65,117/87,1.03,6.2,Joint Stiffness
AST-238,43,92,61,120/75,1.04,6.3,Cognitive Slowing
AST-239,30,225,67,117/72,0.98,8.4,Headache
AST-240,43,271,87,133/88,1.09,6.9,Mild Microgravity Atrophy
AST-241,41,199,82,114/75,0.97,8.4,Mild Fatigue
AST-242,41,125,73,130/75,1.14,5.6,Mild Microgravity Atrophy
AST-243,45,96,78,130/76,0.86,6.7,Cognitive Slowing
AST-244,55,18,71,133/77,1.11,4.8,Mild Microgravity Atrophy
AST-245,52,91,67,113/74,0.91,5.5,Joint Stiffness
AST-246,31,173,62,111/85,1.13,5.1,Headache
AST-247,51,125,84,133/77,0.96,5.3,Mild Fatigue
AST-248,49,242,81,130/88,0.86,6.3,Sleep Disruption
AST-249,53,131,72,136/85,1.05,6.1,None
AST-250,41,23,63,131/70,1.14,8.0,Elevated Stress
AST-251,52,104,63,124/76,0.95,5.0,Cognitive Slowing
AST-252,32,95,87,119/74,1.06,5.1,Mild Microgravity Atrophy
AST-253,34,182,82,136/72,0.91,4.4,Joint Stiffness
AST-254,43,44,88,116/77,1.01,6.3,Headache
AST-255,53,74,75,136/71,1.08,8.4,Elevated Stress
AST-256,30,131,76,133/68,0.91,5.8,Joint Stiffness
AST-257,47,279,66,120/78,0.94,7.7,Mild Fatigue
AST-258,35,271,61,116/83,0.95,7.7,Joint Stiffness
AST-259,36,170,88,127/79,1.1,7.7,Headache
AST-260,35,292,78,111/70,1.05,6.6,Headache
AST-261,45,232,73,133/85,0.96,6.6,Joint Stiffness
AST-262,55,251,90,131/74,0.9,5.9,Mild Microgravity Atrophy
AST-263,54,277,85,119/68,1.08,5.7,Joint Stiffness
AST-264,54,149,80,119/72,1.13,6.5,Joint Stiffness
AST-265,34,170,65,126/70,1.08,8.4,Mild Fatigue
AST-266,48,43,62,118/86,1.01,4.7,Joint Stiffness
AST-267,54,182,76,114/85,1.01,5.2,Mild Fatigue
AST-268,53,162,85,108/69,0.97,6.3,Elevated Stress
AST-269,41,305,74,113/84,1.02,8.1,Cognitive Slowing
AST-270,55,307,71,122/72,1.03,6.4,Joint Stiffness
AST-271,50,12,66,135/81,1.11,6.5,Sleep Disruption
AST-272,43,159,79,121/75,0.9,5.4,Mild Fatigue
AST-273,31,164,80,134/86,1.12,5.3,None
AST-274,48,156,66,121/72,1.11,7.7,Elevated Stress
AST-275,40,24,83,106/81,0.97,5.5,Sleep Disruption
AST-276,47,282,79,136/71,0.92,6.3,Mild Microgravity Atrophy
AST-277,46,277,74,129/88,0.9,4.3,Cognitive Slowing
AST-278,40,50,84,135/70,0.86,6.2,Headache
AST-279,35,231,67,109/74,0.85,5.6,Elevated Stress
AST-280,52,56,64,119/83,1.0,8.3,Joint Stiffness
AST-281,51,206,60,119/69,0.99,5.3,Cognitive Slowing
AST-282,51,264,58,137/79,0.86,7.0,Joint Stiffness
AST-283,39,147,70,131/85,1.05,4.8,Mild Microgravity Atrophy
AST-284,30,260,66,108/73,1.12,7.0,Cognitive Slowing
AST-285,39,86,87,123/86,0.91,5.2,Cognitive Slowing
AST-286,41,251,90,112/85,0.92,7.6,Elevated Stress
AST-287,54,43,82,115/68,0.99,5.7,Elevated Stress
AST-288,46,165,71,130/83,0.99,8.4,Mild Microgravity Atrophy
AST-289,46,153,67,128/77,0.97,7.7,Mild Microgravity Atrophy
AST-290,47,270,79,122/70,1.06,8.1,Mild Microgravity Atrophy
AST-291,30,211,62,117/81,0.87,4.8,Headache
AST-292,43,132,87,117/81,1.14,5.6,Cognitive Slowing
AST-293,39,174,87,134/79,1.1,4.6,Sleep Disruption
AST-294,54,137,70,125/76,1.04,7.3,Sleep Disruption
AST-295,46,34,66,114/82,1.08,5.6,Mild Fatigue
AST-296,33,49,61,112/82,1.09,6.8,Cognitive Slowing
AST-297,30,35,70,110/77,1.03,5.2,Mild Microgravity Atrophy
AST-298,31,71,73,132/88,0.95,6.0,Joint Stiffness
AST-299,49,316,65,116/87,0.96,4.6,Elevated Stress
AST-300,48,296,90,114/74,0.89,4.2,Cognitive Slowing
AST-301,55,103,84,106/74,0.98,7.2,Sleep Disruption
AST-302,39,208,76,135/87,0.96,7.8,Mild Microgravity Atrophy
AST-303,39,171,59,129/82,1.12,6.4,Mild Microgravity Atrophy
AST-304,48,34,86,105/88,1.14,6.4,Cognitive Slowing
AST-305,48,159,66,133/70,0.98,6.4,Sleep Disruption
AST-306,44,169,76,107/72,1.05,4.5,Headache
AST-307,33,267,91,130/80,0.98,7.4,Sleep Disruption
AST-308,49,288,58,126/80,0.9,7.9,Mild Microgravity Atrophy
AST-309,44,189,65,122/87,0.89,5.1,Headache
AST-310,38,147,73,108/86,0.87,7.6,Sleep Disruption
AST-311,39,187,75,124/84,0.89,7.5,Joint Stiffness
AST-312,45,39,78,130/73,1.09,6.5,Mild Microgravity Atrophy
AST-313,50,192,77,135/81,1.01,8.2,Cognitive Slowing
AST-314,41,291,90,112/80,1.02,6.2,Cognitive Slowing
AST-315,42,102,80,138/82,1.09,6.0,Elevated Stress
AST-316,41,101,79,129/84,0.89,5.3,None
AST-317,40,315,88,125/69,1.1,7.9,None
AST-318,42,250,61,110/69,0.93,7.0,None
AST-319,35,25,65,122/82,0.88,4.9,Headache
AST-320,50,161,69,119/77,0.96,5.7,None
AST-321,41,274,82,126/74,0.99,6.5,Mild Microgravity Atrophy
AST-322,36,23,88,118/79,0.87,7.8,Elevated Stress
AST-323,39,38,84,124/70,1.1,5.1,Sleep Disruption
AST-324,39,77,60,128/88,0.95,5.2,Mild Fatigue
AST-325,39,48,71,132/82,0.89,7.9,Headache
AST-326,40,194,73,122/76,1.11,8.2,Joint Stiffness
AST-327,52,314,60,106/68,0.97,7.6,None
AST-328,35,80,66,123/81,1.02,6.9,Mild Microgravity Atrophy
AST-329,54,5,59,120/83,1.05,7.9,Mild Fatigue
AST-330,51,149,73,111/88,0.92,8.1,Elevated Stress
AST-331,52,234,90,110/75,1.13,5.6,Elevated Stress
AST-332,35,73,66,138/80,0.94,7.5,Mild Fatigue
AST-333,41,107,84,117/75,1.1,4.6,Headache
AST-334,44,29,78,133/79,1.02,4.8,Mild Fatigue
AST-335,34,260,66,126/71,0.89,6.0,Elevated Stress
AST-336,30,270,64,135/74,1.08,5.7,None
AST-337,43,317,61,110/68,1.03,7.5,Joint Stiffness
AST-338,46,290,92,119/70,0.97,4.9,Headache
AST-339,39,209,75,110/88,0.88,6.5,Joint Stiffness
AST-340,42,21,63,117/76,1.13,5.6,Mild Microgravity Atrophy
AST-341,51,23,61,108/83,0.85,5.2,Elevated Stress
AST-342,47,300,87,124/71,1.07,4.6,Headache
AST-343,51,206,63,110/79,1.14,5.4,Elevated Stress
AST-344,32,151,79,119/73,1.1,8.3,Sleep Disruption
AST-345,51,156,59,121/82,0.86,6.3,Cognitive Slowing
AST-346,53,39,71,137/79,1.08,5.3,Mild Fatigue
AST-347,41,139,67,115/74,0.94,4.5,Sleep Disruption
AST-348,32,39,89,131/68,0.87,7.7,Cognitive Slowing
AST-349,47,112,67,131/83,1.14,8.3,Cognitive Slowing
AST-350,50,37,79,108/83,1.09,6.9,Cognitive Slowing
AST-351,49,74,85,117/76,0.88,5.1,Sleep Disruption
AST-352,34,85,82,117/86,1.02,6.1,Mild Fatigue
AST-353,53,249,81,106/87,1.13,8.0,Elevated Stress
AST-354,47,185,59,119/70,1.14,4.7,Sleep Disruption
AST-355,30,320,60,128/69,1.0,6.7,Cognitive Slowing
AST-356,46,249,78,108/71,0.87,4.8,Joint Stiffness
AST-357,54,265,73,112/68,1.14,5.6,Headache
AST-358,38,108,76,114/68,0.9,7.2,Sleep Disruption
AST-359,34,120,75,115/79,0.95,8.0,Cognitive Slowing
AST-360,45,317,92,137/77,1.09,7.3,None
AST-361,52,179,88,119/87,0.91,6.8,Mild Fatigue
AST-362,51,127,80,130/75,1.01,6.9,Headache
AST-363,55,67,65,132/79,0.88,4.7,Headache
AST-364,34,33,74,130/80,1.11,6.5,Headache
AST-365,36,105,75,106/84,1.06,4.3,Mild Fatigue
AST-366,41,246,75,105/68,1.15,5.6,None
AST-367,30,301,79,112/79,0.95,6.6,None
AST-368,44,50,83,124/81,0.88,4.9,Elevated Stress
AST-369,41,186,90,110/76,0.87,7.4,Headache
AST-370,35,172,80,115/75,1.03,8.2,Sleep Disruption
AST-371,29,181,62,116/86,0.95,4.8,Elevated Stress
AST-372,37,150,73,137/77,0.97,8.0,Mild Microgravity Atrophy
AST-373,39,154,68,114/77,1.09,6.9,Mild Microgravity Atrophy
AST-374,38,215,86,118/78,1.03,7.1,Sleep Disruption
AST-375,45,251,63,124/85,0.86,4.6,Cognitive Slowing
AST-376,49,45,74,106/73,1.04,6.1,None
AST-377,54,44,83,113/76,0.95,7.1,Sleep Disruption
AST-378,41,270,66,113/86,1.01,5.8,Sleep Disruption
AST-379,29,299,88,112/73,0.9,6.4,Cognitive Slowing
AST-380,31,80,65,120/86,0.96,4.8,Headache
AST-381,46,210,79,126/70,1.08,8.1,Mild Microgravity Atrophy
AST-382,49,59,74,133/79,1.1,6.3,Joint Stiffness
AST-383,41,129,86,105/76,0.89,7.3,Headache
AST-384,32,244,92,138/77,0.94,6.8,None
AST-385,48,125,72,125/80,1.08,6.9,Mild Fatigue
AST-386,52,248,62,136/79,0.91,5.6,Cognitive Slowing
AST-387,45,248,92,116/69,0.97,4.9,Headache
AST-388,38,111,74,110/87,1.05,7.0,None
AST-389,44,241,75,137/79,0.95,8.2,Elevated Stress
AST-390,49,232,72,137/71,0.91,6.7,Headache
AST-391,50,144,69,118/69,1.09,4.6,Headache
AST-392,49,108,58,107/68,1.04,5.0,Headache
AST-393,29,318,82,124/71,0.97,6.8,Elevated Stress
AST-394,43,203,61,112/82,1.06,5.8,Headache
AST-395,44,170,67,136/69,1.12,4.9,Headache
AST-396,34,238,58,115/83,1.05,5.6,Headache
AST-397,33,259,90,109/80,0.9,6.7,Joint Stiffness
AST-398,53,251,77,128/88,0.91,4.3,None
AST-399,39,105,73,106/88,1.13,7.9,Sleep Disruption
AST-400,38,313,65,113/86,1.07,7.5,Mild Fatigue
AST-401,31,231,82,114/85,1.08,8.1,Mild Microgravity Atrophy
AST-402,34,306,71,109/72,1.15,7.9,Cognitive Slowing
AST-403,36,88,85,129/75,0.95,4.3,Mild Microgravity Atrophy
AST-404,38,60,66,130/72,1.14,7.5,Cognitive Slowing
AST-405,31,131,73,129/71,1.1,5.1,Elevated Stress
AST-406,50,116,77,127/69,0.99,6.4,Joint Stiffness
AST-407,51,42,82,109/80,1.02,7.2,Mild Fatigue
AST-408,32,79,59,105/71,0.96,7.5,Elevated Stress
AST-409,50,247,77,122/84,0.9,8.4,Cognitive Slowing
AST-410,44,208,73,133/73,1.11,7.6,Elevated Stress
AST-411,37,128,70,117/83,0.85,5.3,Cognitive Slowing
AST-412,46,80,66,135/76,0.93,4.5,None
AST-413,37,229,74,109/73,1.13,6.4,Joint Stiffness
AST-414,29,271,78,114/87,0.86,4.6,Sleep Disruption
AST-415,49,298,88,120/86,1.03,6.3,None
AST-416,37,80,77,116/69,1.05,6.2,Cognitive Slowing
AST-417,43,60,72,136/80,0.93,8.4,None
AST-418,28,92,89,116/76,0.92,7.7,None
AST-419,33,267,85,125/82,0.98,7.0,Elevated Stress
AST-420,47,52,83,118/69,0.95,6.6,Mild Microgravity Atrophy
AST-421,42,121,78,130/69,0.86,7.5,Elevated Stress
AST-422,45,7,77,127/76,1.03,5.1,Elevated Stress
AST-423,43,264,69,130/88,0.95,4.7,Mild Microgravity Atrophy
AST-424,32,110,63,115/71,0.87,4.6,None
AST-425,33,87,78,137/70,1.06,4.3,Sleep Disruption
AST-426,28,288,70,127/86,0.87,6.1,None
AST-427,53,173,68,108/84,1.04,7.0,Cognitive Slowing
AST-428,37,184,58,131/87,1.15,5.9,Elevated Stress
AST-429,28,212,67,116/74,1.01,6.1,Cognitive Slowing
AST-430,32,280,73,119/87,0.96,6.0,Sleep Disruption
AST-431,51,29,64,126/74,0.86,5.8,Headache
AST-432,39,55,82,129/84,1.1,7.9,Headache
AST-433,44,5,58,136/85,1.09,4.2,Mild Fatigue
AST-434,41,64,87,128/71,0.87,4.3,None
AST-435,50,281,59,110/76,0.88,5.3,Joint Stiffness
AST-436,28,57,77,110/75,0.9,6.2,Mild Fatigue
AST-437,53,305,86,113/84,0.89,8.2,Mild Microgravity Atrophy
AST-438,54,167,79,105/85,0.95,6.4,Sleep Disruption
AST-439,49,239,92,114/75,1.0,4.7,Mild Fatigue
AST-440,47,174,69,126/80,1.1,7.7,Elevated Stress
AST-441,29,158,60,106/76,1.03,5.5,Joint Stiffness
AST-442,35,269,83,113/84,1.07,6.8,Cognitive Slowing
AST-443,32,204,72,115/73,1.07,7.4,Cognitive Slowing
AST-444,51,53,91,117/75,1.15,6.9,Mild Microgravity Atrophy
AST-445,28,48,76,111/69,1.08,5.4,Mild Microgravity Atrophy
AST-446,52,313,86,113/72,1.04,6.0,None
AST-447,36,151,72,131/73,0.96,5.9,Mild Fatigue
AST-448,50,156,88,114/80,0.9,7.7,None
AST-449,30,170,66,124/79,0.99,7.4,Elevated Stress
AST-450,34,52,66,138/71,0.87,7.0,Headache
AST-451,31,319,67,125/70,0.93,8.0,Cognitive Slowing
AST-452,28,211,82,106/88,0.91,6.4,Cognitive Slowing
AST-453,46,215,89,133/75,1.09,4.5,Mild Microgravity Atrophy
AST-454,33,90,64,125/70,1.05,8.5,Mild Microgravity Atrophy
AST-455,32,196,60,114/71,1.06,7.2,Headache
AST-456,54,260,78,128/78,1.07,7.7,Sleep Disruption
AST-457,37,320,86,111/80,0.87,7.3,Elevated Stress
AST-458,35,137,72,129/71,1.0,6.0,Mild Microgravity Atrophy
AST-459,37,65,67,131/83,1.02,6.7,Sleep Disruption
AST-460,51,203,83,129/86,0.87,4.5,Joint Stiffness
AST-461,40,67,67,116/78,0.97,7.3,Mild Microgravity Atrophy
AST-462,44,167,81,120/71,0.94,5.2,Cognitive Slowing
AST-463,36,233,92,108/70,1.01,6.0,Elevated Stress
AST-464,40,239,73,136/71,0.9,6.5,Joint Stiffness
AST-465,48,244,71,133/69,0.89,7.9,None
AST-466,35,143,60,127/76,0.95,8.3,Headache
AST-467,44,56,78,112/79,0.97,5.0,Cognitive Slowing
AST-468,36,132,65,112/79,0.99,5.1,Elevated Stress
AST-469,36,106,65,128/76,0.88,4.4,None
AST-470,29,316,64,105/72,1.07,5.4,Elevated Stress
AST-471,50,168,85,131/79,1.12,5.8,Mild Microgravity Atrophy
AST-472,36,126,80,134/69,1.08,7.7,Mild Microgravity Atrophy
AST-473,45,213,68,117/83,0.94,7.1,Joint Stiffness
AST-474,31,148,77,118/81,1.14,5.6,Headache
AST-475,47,64,78,116/80,0.87,8.2,Headache
AST-476,44,265,87,127/87,0.91,6.9,Cognitive Slowing
AST-477,42,131,79,138/86,0.92,6.5,Headache
AST-478,32,265,77,121/88,1.07,4.6,None
AST-479,52,307,77,105/77,1.09,4.4,Mild Microgravity Atrophy
AST-480,47,273,89,131/76,0.91,8.3,Sleep Disruption
AST-481,30,21,69,128/87,1.02,7.3,Mild Microgravity Atrophy
AST-482,32,40,62,127/87,0.88,7.6,Headache
AST-483,29,141,83,107/74,1.07,6.0,Headache
AST-484,37,102,58,112/82,0.9,4.8,Elevated Stress
AST-485,45,265,72,113/88,0.96,6.6,Sleep Disruption
AST-486,38,209,61,125/68,0.92,6.9,Mild Microgravity Atrophy
AST-487,50,226,71,115/74,1.11,4.8,Elevated Stress
AST-488,45,172,88,130/72,1.06,6.6,Cognitive Slowing
AST-489,28,207,62,106/84,0.88,6.2,Elevated Stress
AST-490,35,320,62,111/73,1.05,6.5,Mild Fatigue
AST-491,40,191,66,132/77,0.99,7.1,Elevated Stress
AST-492,38,100,84,110/87,0.93,5.9,Mild Fatigue
AST-493,54,174,70,133/75,1.14,6.0,Mild Fatigue
AST-494,29,228,71,137/88,0.98,5.1,Cognitive Slowing
AST-495,35,109,70,105/71,1.1,8.1,Joint Stiffness
AST-496,47,277,91,129/70,1.1,7.1,Joint Stiffness
AST-497,35,60,69,121/72,1.07,7.8,Sleep Disruption
AST-498,50,258,64,120/79,1.09,7.6,Headache
AST-499,41,250,72,119/75,1.02,7.4,None
AST-500,32,270,65,114/82,1.02,7.3,None
AST-501,46,154,85,115/74,1.0,4.7,Sleep Disruption
AST-502,46,103,87,121/76,0.97,8.3,Cognitive Slowing
AST-503,33,204,81,130/75,0.95,5.6,Mild Microgravity Atrophy
AST-504,50,49,89,123/70,1.06,8.2,Sleep Disruption
AST-505,37,115,61,123/72,1.01,7.4,Cognitive Slowing
AST-506,35,168,75,110/69,1.12,8.4,Mild Microgravity Atrophy
AST-507,40,194,59,108/77,0.96,7.7,Joint Stiffness
AST-508,38,102,62,131/75,0.96,8.1,Elevated Stress
AST-509,50,181,59,128/87,0.98,5.6,Headache
AST-510,37,316,84,108/79,1.04,5.3,Mild Fatigue
AST-511,41,256,91,137/70,1.05,8.1,Mild Microgravity Atrophy
AST-512,41,290,75,131/79,0.93,6.7,Headache
AST-513,40,112,87,131/71,1.05,7.7,Elevated Stress
AST-514,28,42,91,114/83,1.14,6.3,Headache
AST-515,45,251,74,116/77,1.05,5.8,Mild Microgravity Atrophy
AST-516,31,307,63,123/76,0.98,8.1,Sleep Disruption
AST-517,51,91,62,138/83,1.1,5.3,Headache
AST-518,30,320,89,130/69,1.07,4.3,Headache
AST-519,53,17,59,107/73,0.99,4.2,Sleep Disruption
AST-520,44,298,67,109/68,0.89,5.2,Sleep Disruption
AST-521,42,296,66,115/77,1.07,5.1,Mild Microgravity Atrophy
AST-522,28,153,91,128/80,0.91,7.1,None
AST-523,41,299,73,136/69,1.14,4.9,Elevated Stress
AST-524,54,76,74,118/78,0.91,4.6,None
AST-525,31,43,76,114/74,1.0,7.0,Headache
AST-526,39,319,87,114/68,0.93,5.8,Cognitive Slowing
AST-527,50,300,91,130/85,0.97,5.7,Sleep Disruption
AST-528,36,242,85,128/75,1.0,5.0,Headache
AST-529,46,259,88,109/77,1.14,5.3,Mild Fatigue
AST-530,47,127,83,109/83,1.04,7.4,Sleep Disruption
AST-531,30,312,82,114/82,0.86,5.9,Headache
AST-532,36,20,74,123/74,0.89,4.9,Joint Stiffness
AST-533,39,290,65,135/80,0.98,5.3,Sleep Disruption
AST-534,31,263,78,124/72,0.93,4.4,None
AST-535,35,103,58,119/76,0.94,6.4,Mild Fatigue
AST-536,52,222,72,128/71,1.03,4.2,Elevated Stress
AST-537,46,90,82,116/80,1.0,6.2,Joint Stiffness
AST-538,45,9,92,110/75,1.11,7.1,Elevated Stress
AST-539,50,177,70,107/87,1.02,5.6,Joint Stiffness
AST-540,35,113,69,132/82,1.12,4.6,Sleep Disruption
AST-541,48,157,62,137/79,0.93,7.9,None
AST-542,47,56,81,128/70,0.91,5.0,Mild Microgravity Atrophy
AST-543,51,162,86,113/75,1.05,5.2,Headache
AST-544,53,116,69,125/88,1.09,6.7,Mild Microgravity Atrophy
AST-545,54,256,86,122/86,0.96,5.7,Headache
AST-546,55,23,92,122/78,1.06,7.1,Mild Fatigue
AST-547,45,305,77,120/70,0.91,6.1,None
AST-548,28,272,92,113/74,0.95,6.2,Elevated Stress
AST-549,33,117,60,133/70,1.02,8.3,Headache
AST-550,38,272,87,133/76,0.85,7.4,Cognitive Slowing
AST-551,38,242,75,113/74,0.99,8.4,None
AST-552,52,262,70,116/79,0.93,6.5,Mild Fatigue
AST-553,28,175,63,136/76,1.1,4.2,Mild Fatigue
AST-554,29,143,82,106/69,1.11,4.6,Elevated Stress
AST-555,52,109,79,130/68,0.9,4.6,Joint Stiffness
AST-556,34,147,65,123/85,0.95,7.5,Elevated Stress
AST-557,34,85,86,137/84,1.02,4.5,Sleep Disruption
AST-558,41,134,63,121/69,1.07,5.4,Sleep Disruption
AST-559,46,159,60,137/75,1.09,4.7,Headache
AST-560,51,279,84,135/75,1.05,6.9,Elevated Stress
AST-561,32,193,62,106/81,1.03,4.7,Mild Microgravity Atrophy
AST-562,32,67,68,130/79,0.98,7.5,Joint Stiffness
AST-563,32,275,87,138/80,1.1,6.7,Mild Fatigue
AST-564,31,287,66,126/72,0.87,6.9,Headache
AST-565,36,213,71,128/69,1.1,5.3,Joint Stiffness
AST-566,55,109,82,116/78,0.89,7.4,Mild Microgravity Atrophy
AST-567,49,40,60,113/82,1.1,5.2,Sleep Disruption
AST-568,41,160,82,131/83,1.05,5.3,Elevated Stress
AST-569,33,146,65,128/83,0.88,8.3,Cognitive Slowing
AST-570,42,53,84,106/84,0.99,8.4,Headache
AST-571,40,270,76,126/80,1.04,7.2,Sleep Disruption
AST-572,32,102,71,117/68,1.08,6.9,None
AST-573,51,55,65,108/85,1.01,5.6,Elevated Stress
AST-574,28,146,60,131/87,0.92,7.6,Mild Microgravity Atrophy
AST-575,48,86,88,113/88,1.01,7.7,Mild Microgravity Atrophy
AST-576,55,97,60,120/73,0.98,4.3,Mild Fatigue
AST-577,43,267,61,109/68,1.13,6.0,Cognitive Slowing
AST-578,30,28,86,120/85,0.93,4.4,Mild Fatigue
AST-579,35,113,74,115/79,0.88,5.1,None
AST-580,47,9,67,115/86,0.99,8.0,Sleep Disruption
AST-581,44,155,83,132/75,1.01,5.6,None
AST-582,49,220,72,105/85,1.11,6.6,Elevated Stress
AST-583,37,214,89,124/81,0.96,4.6,Mild Microgravity Atrophy
AST-584,29,159,63,135/83,1.1,5.3,Cognitive Slowing
AST-585,39,243,81,118/73,1.01,4.7,Elevated Stress
AST-586,55,270,87,138/74,0.97,8.1,Elevated Stress
AST-587,29,31,58,121/88,1.05,7.2,Mild Fatigue
AST-588,31,116,59,112/78,0.95,5.9,Elevated Stress
AST-589,32,223,79,112/85,0.92,7.5,Cognitive Slowing
AST-590,31,28,67,117/84,0.95,7.8,Elevated Stress
AST-591,33,186,82,133/68,1.15,5.8,Sleep Disruption
AST-592,30,123,72,134/80,0.99,7.9,Cognitive Slowing
AST-593,36,182,91,126/83,1.02,5.1,None
AST-594,52,277,76,123/70,1.07,4.4,Sleep Disruption
AST-595,39,63,71,109/76,1.07,8.0,None
AST-596,31,13,78,121/69,0.9,4.4,Cognitive Slowing
AST-597,47,50,74,122/83,1.02,6.4,Headache
AST-598,46,185,74,117/75,0.95,6.2,Mild Fatigue
AST-599,38,138,84,115/77,1.06,4.9,Cognitive Slowing
AST-600,39,85,91,112/70,1.05,5.1,Elevated Stress
AST-601,54,151,87,126/88,0.88,6.6,Cognitive Slowing
AST-602,45,237,62,128/85,0.87,8.2,None
AST-603,35,271,87,114/73,0.88,6.1,Cognitive Slowing
AST-604,31,200,74,109/71,0.94,7.1,Sleep Disruption
AST-605,49,164,74,138/75,1.02,8.2,Mild Fatigue
AST-606,51,7,80,106/84,1.07,4.2,Mild Fatigue
AST-607,39,137,91,127/78,1.02,7.9,Elevated Stress
AST-608,42,212,65,106/81,1.03,7.7,Mild Fatigue
AST-609,30,316,84,118/72,0.91,5.6,None
AST-610,29,230,86,132/88,0.87,5.6,Joint Stiffness
AST-611,40,107,71,114/74,1.05,4.2,None
AST-612,48,232,84,114/69,1.15,5.0,None
AST-613,48,265,67,133/70,0.88,6.6,Mild Microgravity Atrophy
AST-614,32,98,74,114/73,0.96,7.0,Mild Microgravity Atrophy
AST-615,38,111,66,137/82,0.93,6.9,Joint Stiffness
AST-616,32,319,83,109/78,1.09,5.5,Sleep Disruption
AST-617,49,148,86,106/71,1.08,5.2,Headache
AST-618,40,309,66,131/88,0.92,5.4,Mild Microgravity Atrophy
AST-619,29,304,73,135/80,0.87,5.6,None
AST-620,49,45,60,105/82,1.01,4.7,Elevated Stress
AST-621,30,32,61,120/87,1.05,7.0,Sleep Disruption
AST-622,35,286,59,131/71,0.99,7.8,Sleep Disruption
AST-623,54,242,85,122/76,1.15,5.9,Headache
AST-624,30,281,60,121/78,1.12,7.9,Mild Fatigue
AST-625,54,7,92,106/78,0.88,7.6,Mild Microgravity Atrophy
AST-626,49,308,90,123/71,1.07,4.7,Sleep Disruption
AST-627,38,185,61,118/86,0.99,7.8,Mild Fatigue
AST-628,54,315,63,129/72,0.96,5.5,Joint Stiffness
AST-629,47,245,78,136/73,1.05,4.5,Headache
AST-630,45,308,74,128/73,1.13,4.6,Mild Microgravity Atrophy
AST-631,32,214,73,115/76,1.0,4.4,Mild Microgravity Atrophy
AST-632,47,35,82,138/79,0.86,5.0,Joint Stiffness
AST-633,34,106,81,105/68,1.06,8.0,Mild Microgravity Atrophy
AST-634,40,163,67,115/77,0.89,4.8,None
AST-635,30,301,84,129/76,0.9,4.2,None
AST-636,38,29,84,136/77,0.98,5.7,Headache
AST-637,53,205,67,138/69,1.14,6.9,Headache
AST-638,37,287,78,105/72,1.1,7.1,Joint Stiffness
AST-639,33,125,64,113/71,1.02,7.1,Headache
AST-640,41,203,77,130/82,0.99,7.0,Headache
AST-641,49,112,76,129/69,1.09,8.2,Mild Fatigue
AST-642,37,150,92,131/78,0.88,7.4,Elevated Stress
AST-643,43,19,92,114/80,0.99,4.4,Elevated Stress
AST-644,52,84,75,134/85,1.05,5.9,Mild Microgravity Atrophy
AST-645,40,190,92,128/82,1.11,7.1,Sleep Disruption
AST-646,43,285,92,135/85,0.93,7.9,Elevated Stress
AST-647,29,11,79,121/82,0.9,5.9,Sleep Disruption
AST-648,45,178,76,115/73,1.06,5.3,Joint Stiffness
AST-649,39,70,67,122/68,0.98,6.5,Joint Stiffness
AST-650,47,235,73,130/80,1.04,7.5,Elevated Stress
AST-651,55,188,86,115/72,0.9,6.2,Headache
AST-652,29,255,88,119/76,1.1,5.1,Sleep Disruption
AST-653,43,5,86,107/85,0.87,5.4,Mild Fatigue
AST-654,41,95,89,137/74,1.1,7.5,Elevated Stress
AST-655,37,259,87,120/68,0.88,4.4,None
AST-656,36,117,70,109/78,1.09,7.9,Mild Microgravity Atrophy
AST-657,46,32,81,137/68,0.85,4.8,Cognitive Slowing
AST-658,47,221,82,128/70,1.04,5.6,Mild Microgravity Atrophy
AST-659,36,219,78,106/75,1.14,4.6,Cognitive Slowing
AST-660,40,102,76,124/73,1.12,8.4,Mild Fatigue
AST-661,44,152,59,121/72,0.93,4.8,Mild Fatigue
AST-662,31,213,73,136/73,0.97,5.3,Headache
AST-663,55,136,59,113/71,1.02,7.0,Joint Stiffness
AST-664,46,107,72,127/72,1.11,7.3,Mild Fatigue
AST-665,50,224,92,117/82,1.15,6.6,Mild Fatigue
AST-666,43,104,84,135/78,1.04,8.3,Mild Fatigue
AST-667,28,142,85,122/72,0.98,4.8,None
AST-668,29,12,75,132/74,0.91,4.6,Cognitive Slowing
AST-669,49,69,69,125/71,1.03,6.1,Mild Microgravity Atrophy
AST-670,54,312,84,121/85,1.11,7.3,Mild Fatigue
AST-671,31,199,69,105/74,0.99,7.0,Headache
AST-672,55,251,68,106/68,1.13,7.6,Sleep Disruption
AST-673,50,92,81,122/69,0.93,5.2,Mild Microgravity Atrophy
AST-674,36,133,83,118/85,0.89,4.3,Joint Stiffness
AST-675,29,194,82,134/73,1.09,7.6,Sleep Disruption
AST-676,52,262,82,113/84,0.87,6.2,Cognitive Slowing
AST-677,31,228,77,113/81,0.94,7.8,Mild Microgravity Atrophy
AST-678,49,315,86,106/88,1.11,5.2,Headache
AST-679,46,121,62,108/69,0.98,4.3,Sleep Disruption
AST-680,37,118,75,105/83,1.11,4.3,Joint Stiffness
AST-681,38,151,76,133/83,0.87,6.7,Sleep Disruption
AST-682,40,105,78,119/73,0.93,8.4,Elevated Stress
AST-683,53,89,66,128/77,1.09,6.1,Sleep Disruption
AST-684,50,102,84,117/69,1.01,6.4,Headache
AST-685,54,177,63,112/70,1.03,7.9,Mild Fatigue
AST-686,34,191,84,105/82,1.0,5.5,None
AST-687,45,110,82,125/84,0.94,7.4,Cognitive Slowing
AST-688,51,44,61,126/85,0.95,6.1,Sleep Disruption
AST-689,53,275,60,128/78,0.87,8.1,Cognitive Slowing
AST-690,44,292,92,130/77,1.1,5.9,Elevated Stress
AST-691,49,111,87,106/78,1.04,6.8,Joint Stiffness
AST-692,45,165,65,133/68,0.87,4.8,Cognitive Slowing
AST-693,44,128,73,107/88,1.13,7.4,None
AST-694,53,262,92,122/79,0.98,6.7,Joint Stiffness
AST-695,46,117,63,115/77,0.87,5.1,Cognitive Slowing
AST-696,49,151,70,116/82,0.91,7.3,Elevated Stress
AST-697,42,70,59,129/83,0.94,8.5,Sleep Disruption
AST-698,34,53,72,134/78,1.11,5.5,Cognitive Slowing
AST-699,43,170,87,114/76,0.97,4.4,Sleep Disruption
AST-700,54,36,90,132/78,1.02,6.9,Mild Fatigue
AST-701,50,260,87,118/85,1.12,5.5,Sleep Disruption
AST-702,43,229,73,132/77,0.96,6.8,Mild Microgravity Atrophy
AST-703,37,164,69,106/79,0.88,8.5,Mild Fatigue
AST-704,29,190,78,125/76,0.98,7.1,Elevated Stress
AST-705,31,154,65,120/82,0.9,5.4,Cognitive Slowing
AST-706,38,84,81,112/73,0.85,6.9,Cognitive Slowing
AST-707,46,40,60,126/77,0.87,4.4,Headache
AST-708,28,41,61,111/81,0.92,7.2,Joint Stiffness
AST-709,34,85,78,114/72,1.11,6.3,Cognitive Slowing
AST-710,36,107,74,126/88,1.02,5.6,Elevated Stress
AST-711,35,49,60,112/86,0.85,8.0,Sleep Disruption
AST-712,55,45,86,136/69,1.04,6.5,Cognitive Slowing
AST-713,46,121,75,107/82,0.94,7.8,None
AST-714,42,224,62,130/68,0.89,5.7,Cognitive Slowing
AST-715,36,121,79,132/75,0.86,6.6,Joint Stiffness
AST-716,46,265,60,128/86,1.02,6.1,Sleep Disruption
AST-717,37,225,83,136/86,0.93,6.5,Headache
AST-718,41,72,74,122/79,0.9,6.2,Cognitive Slowing
AST-719,52,308,66,121/70,1.1,4.6,Cognitive Slowing
AST-720,36,293,68,109/86,1.06,5.5,None
AST-721,43,299,65,115/76,1.03,5.4,Headache
AST-722,47,65,80,123/73,0.95,5.3,None
AST-723,42,314,78,123/84,1.06,4.9,Sleep Disruption
AST-724,43,290,87,112/68,1.13,6.1,Mild Microgravity Atrophy
AST-725,36,220,89,116/71,1.05,5.9,Headache
AST-726,38,128,70,117/87,0.92,5.7,Mild Fatigue
AST-727,30,110,92,129/77,1.02,6.4,Elevated Stress
AST-728,31,212,75,131/79,1.03,7.2,Mild Microgravity Atrophy
AST-729,51,233,66,106/86,0.89,4.7,Elevated Stress
AST-730,28,103,83,128/84,1.09,7.6,Cognitive Slowing
AST-731,50,71,64,127/71,0.89,8.5,None
AST-732,54,21,87,113/79,1.14,5.3,None
AST-733,51,239,74,135/79,0.87,6.4,Headache
AST-734,51,219,66,122/70,0.92,4.6,Cognitive Slowing
AST-735,33,39,75,124/75,1.09,8.0,Mild Fatigue
AST-736,32,271,84,119/84,1.13,6.0,Elevated Stress
AST-737,33,132,58,138/69,1.11,4.5,Joint Stiffness
AST-738,32,262,77,124/85,1.01,4.6,Cognitive Slowing
AST-739,53,168,73,130/80,1.1,7.5,Joint Stiffness
AST-740,44,207,80,132/81,0.99,7.6,Sleep Disruption
AST-741,31,198,76,115/71,0.92,5.9,Elevated Stress
AST-742,29,160,88,132/72,0.9,7.5,Mild Microgravity Atrophy
AST-743,45,246,66,119/81,0.97,8.0,Sleep Disruption
AST-744,41,79,63,130/71,1.01,7.7,Mild Microgravity Atrophy
AST-745,37,16,81,136/69,1.08,6.9,Mild Fatigue
AST-746,39,268,61,110/69,1.05,8.5,Mild Fatigue
AST-747,32,194,76,136/80,0.92,6.0,None
AST-748,50,11,92,138/85,0.97,7.5,Elevated Stress
AST-749,48,236,80,129/82,0.97,6.4,Joint Stiffness
AST-750,45,13,82,131/87,0.99,4.9,Mild Fatigue
AST-751,48,225,77,138/88,0.88,5.7,None
AST-752,39,213,88,134/85,1.05,6.4,Cognitive Slowing
AST-753,37,219,59,120/88,0.9,6.3,Joint Stiffness
AST-754,39,263,71,106/88,0.99,8.1,Headache
AST-755,31,62,65,105/75,0.92,6.7,None
AST-756,50,100,65,135/79,1.06,5.2,Joint Stiffness
AST-757,43,135,82,133/85,1.15,7.1,None
AST-758,33,157,91,138/77,0.97,5.1,Cognitive Slowing
AST-759,48,296,86,126/83,0.89,7.9,Mild Microgravity Atrophy
AST-760,45,153,67,130/76,1.08,4.7,Cognitive Slowing
AST-761,47,12,59,136/71,1.12,5.7,Joint Stiffness
AST-762,29,150,70,120/86,0.9,7.7,None
AST-763,54,295,83,128/80,1.13,5.5,Elevated Stress
AST-764,40,180,70,130/86,1.11,6.8,None
AST-765,54,191,80,111/87,0.87,6.8,None
AST-766,42,64,72,127/84,0.89,7.8,Headache
AST-767,38,152,75,124/86,0.91,8.2,Mild Fatigue
AST-768,45,51,77,122/86,1.01,7.3,Joint Stiffness
AST-769,29,175,63,138/82,1.0,8.0,Sleep Disruption
AST-770,33,219,66,125/68,0.86,5.4,Joint Stiffness
AST-771,41,161,80,123/75,0.87,6.9,Mild Fatigue
AST-772,44,290,69,119/72,0.99,5.7,Cognitive Slowing
AST-773,54,138,62,115/86,1.13,7.6,Elevated Stress
AST-774,40,188,88,111/87,1.07,8.2,Mild Microgravity Atrophy
AST-775,47,72,60,133/73,1.14,4.7,Cognitive Slowing
AST-776,42,252,90,105/81,1.14,5.3,None
AST-777,28,320,61,135/82,1.11,6.5,Headache
AST-778,55,33,72,131/73,1.15,7.9,Joint Stiffness
AST-779,32,192,88,114/86,0.93,5.5,None
AST-780,53,200,87,109/70,1.0,5.4,Sleep Disruption
AST-781,45,68,63,114/75,0.93,4.5,Sleep Disruption
AST-782,36,96,59,120/77,1.05,7.1,Headache
AST-783,35,91,66,106/77,1.07,8.4,Joint Stiffness
AST-784,31,305,91,113/69,0.87,4.5,Cognitive Slowing
AST-785,55,259,64,105/72,0.93,8.2,Joint Stiffness
AST-786,36,11,64,127/83,1.02,5.4,Mild Microgravity Atrophy
AST-787,31,238,61,135/69,1.06,5.9,Joint Stiffness
AST-788,31,48,66,119/86,0.91,4.7,Mild Microgravity Atrophy
AST-789,39,172,60,123/81,1.03,7.6,Headache
AST-790,44,97,77,114/78,1.02,5.8,Joint Stiffness
AST-791,28,194,69,114/73,0.87,4.5,Cognitive Slowing
AST-792,52,148,92,138/76,0.85,6.7,Sleep Disruption
AST-793,33,238,66,117/72,1.13,7.8,Cognitive Slowing
AST-794,32,137,74,113/75,1.01,4.6,Mild Fatigue
AST-795,45,169,80,106/71,0.85,5.7,Sleep Disruption
AST-796,29,206,60,128/78,0.97,8.0,Mild Fatigue
AST-797,51,264,80,135/77,1.07,5.3,Cognitive Slowing
AST-798,40,127,79,118/70,1.08,7.9,Joint Stiffness
AST-799,28,263,59,134/72,1.0,5.6,Mild Fatigue
AST-800,44,60,68,108/79,1.12,5.3,Elevated Stress
AST-801,54,133,84,116/73,0.97,5.2,Joint Stiffness
AST-802,39,286,79,131/76,1.02,6.7,Cognitive Slowing
AST-803,54,104,68,111/81,1.11,7.4,Mild Fatigue
AST-804,46,90,79,120/70,0.97,6.0,None
AST-805,44,222,74,138/82,0.88,7.4,Mild Fatigue
AST-806,31,253,69,113/71,1.13,5.6,None
AST-807,29,214,76,115/78,0.95,4.9,Mild Microgravity Atrophy
AST-808,33,217,79,123/80,1.14,6.5,Cognitive Slowing
AST-809,43,53,62,127/85,1.08,7.9,None
AST-810,28,278,81,128/83,1.03,8.5,Mild Microgravity Atrophy
AST-811,48,51,72,124/74,0.97,6.7,Mild Fatigue
AST-812,35,159,72,126/87,1.13,4.6,Mild Microgravity Atrophy
AST-813,53,157,77,132/76,0.94,5.5,Mild Fatigue
AST-814,52,227,71,128/74,1.13,6.0,Cognitive Slowing
AST-815,38,238,74,128/88,0.85,7.4,Mild Microgravity Atrophy
AST-816,49,139,76,127/71,1.0,4.6,Elevated Stress
AST-817,43,301,66,131/72,0.89,5.9,None
AST-818,49,17,77,128/73,1.11,6.8,Mild Fatigue
AST-819,32,8,62,109/74,1.07,8.4,None
AST-820,37,235,79,105/77,0.93,4.8,Elevated Stress
AST-821,44,277,58,129/68,0.88,4.5,Mild Microgravity Atrophy
AST-822,45,10,92,126/79,0.88,4.7,Elevated Stress
AST-823,51,187,74,109/80,0.91,4.7,None
AST-824,53,98,88,135/82,1.01,7.5,Mild Microgravity Atrophy
AST-825,48,278,70,111/79,1.09,5.6,Mild Microgravity Atrophy
AST-826,35,8,71,113/75,1.01,8.0,None
AST-827,49,104,71,124/76,0.96,8.0,Mild Microgravity Atrophy
AST-828,41,6,81,134/74,0.97,4.5,None
AST-829,37,298,86,120/80,1.0,8.2,Elevated Stress
AST-830,50,123,67,113/81,1.0,6.2,Joint Stiffness
AST-831,43,71,75,109/74,1.05,4.9,Cognitive Slowing
AST-832,55,262,70,130/87,1.05,6.6,Joint Stiffness
AST-833,52,217,76,125/76,1.11,8.2,Mild Fatigue
AST-834,38,260,68,110/74,1.04,4.3,Elevated Stress
AST-835,54,78,75,108/76,0.99,6.4,Elevated Stress
AST-836,36,35,83,128/80,0.96,6.2,Mild Microgravity Atrophy
AST-837,55,83,58,108/85,0.95,6.5,Sleep Disruption
AST-838,47,70,91,126/88,0.86,8.0,Cognitive Slowing
AST-839,46,103,84,137/88,0.87,4.2,Cognitive Slowing
AST-840,47,130,85,120/79,1.12,4.6,Cognitive Slowing
AST-841,55,142,84,112/68,0.97,4.4,Headache
AST-842,34,86,82,123/72,1.0,7.5,Mild Fatigue
AST-843,36,105,68,132/77,0.94,5.6,Mild Fatigue
AST-844,41,178,91,114/79,0.9,6.7,Sleep Disruption
AST-845,48,7,79,110/82,0.9,7.7,None
AST-846,54,294,60,136/71,1.03,7.1,Elevated Stress
AST-847,37,183,74,119/85,0.89,4.3,Joint Stiffness
AST-848,43,221,69,121/87,0.98,8.1,None
AST-849,39,282,86,135/69,1.07,6.6,None
AST-850,52,161,81,136/85,0.88,6.1,None
AST-851,49,160,63,106/80,0.94,6.0,Mild Fatigue
AST-852,54,63,75,127/72,1.05,6.0,Mild Microgravity Atrophy
AST-853,46,71,90,114/85,0.94,8.4,Cognitive Slowing
AST-854,36,155,80,136/72,1.03,5.1,Cognitive Slowing
AST-855,44,249,65,137/73,1.12,6.8,Mild Fatigue
AST-856,49,92,91,106/88,0.9,5.8,None
AST-857,45,120,76,111/69,0.87,7.9,Sleep Disruption
AST-858,29,5,64,121/78,1.07,4.3,Joint Stiffness
AST-859,28,96,63,125/70,1.05,6.8,Mild Fatigue
AST-860,49,59,62,127/68,0.87,4.3,Elevated Stress
AST-861,42,304,64,121/76,0.94,5.3,Headache
AST-862,46,189,66,121/73,1.05,5.4,None
AST-863,29,140,67,136/70,0.88,5.1,Elevated Stress
AST-864,50,41,91,130/78,1.02,8.4,Elevated Stress
AST-865,42,43,77,114/77,0.91,5.2,Mild Microgravity Atrophy
AST-866,44,127,86,106/72,1.14,4.2,Mild Microgravity Atrophy
AST-867,37,232,77,114/84,0.9,4.4,Elevated Stress
AST-868,28,272,83,121/86,0.96,6.6,None
AST-869,31,10,64,115/82,0.89,4.4,Mild Fatigue
AST-870,33,190,83,127/68,1.01,6.7,Elevated Stress
AST-871,31,203,88,115/85,0.94,6.2,Cognitive Slowing
AST-872,36,110,90,124/85,1.1,5.1,Elevated Stress
AST-873,31,241,89,122/77,0.91,5.2,Mild Microgravity Atrophy
AST-874,36,228,87,114/68,1.12,7.1,Mild Fatigue
AST-875,52,10,80,121/85,1.13,6.1,Mild Microgravity Atrophy
AST-876,37,143,87,110/70,0.88,5.6,None
AST-877,36,155,58,106/87,0.97,5.1,Cognitive Slowing
AST-878,44,283,74,112/71,0.94,4.8,Cognitive Slowing
AST-879,36,99,59,122/74,1.05,7.0,Elevated Stress
AST-880,49,236,88,127/78,1.13,4.6,Elevated Stress
AST-881,29,229,78,134/71,0.85,5.2,Cognitive Slowing
AST-882,55,70,75,119/76,0.95,4.5,Mild Microgravity Atrophy
AST-883,50,264,90,107/79,0.89,5.6,Sleep Disruption
AST-884,48,168,63,119/85,1.01,8.1,Sleep Disruption
AST-885,42,42,82,110/88,0.9,4.6,Mild Fatigue
AST-886,32,308,92,131/76,0.88,5.0,Sleep Disruption
AST-887,55,308,88,112/88,1.0,4.8,Joint Stiffness
AST-888,31,16,60,132/81,1.14,8.3,Mild Microgravity Atrophy
AST-889,52,131,63,118/74,0.95,7.4,Cognitive Slowing
AST-890,44,25,83,121/72,1.08,4.3,Mild Fatigue
AST-891,53,154,79,136/74,0.87,4.8,Headache
AST-892,29,320,77,107/87,0.92,6.3,Headache
AST-893,52,218,63,134/72,0.98,8.4,None
AST-894,41,232,90,125/79,1.13,6.9,Cognitive Slowing
AST-895,30,170,92,124/79,1.12,5.7,Headache
AST-896,32,79,64,129/81,1.15,4.8,Mild Fatigue
AST-897,29,212,61,127/86,1.0,5.7,Headache
AST-898,43,30,60,126/79,1.0,7.7,Cognitive Slowing
AST-899,28,46,87,132/87,0.86,5.1,None
AST-900,55,235,86,106/78,0.96,7.0,Elevated Stress
AST-901,52,101,84,113/78,1.06,6.0,Elevated Stress
AST-902,51,177,67,122/69,1.13,8.0,Cognitive Slowing
AST-903,55,217,72,135/78,0.98,7.2,Mild Microgravity Atrophy
AST-904,28,38,89,130/77,0.85,8.2,Joint Stiffness
AST-905,33,161,69,137/81,0.94,6.1,Cognitive Slowing
AST-906,36,194,62,105/71,0.99,7.5,Sleep Disruption
AST-907,42,79,88,107/87,0.96,8.2,Joint Stiffness
AST-908,32,219,86,136/79,0.87,7.3,None
AST-909,55,193,85,136/85,1.03,5.3,Mild Microgravity Atrophy
AST-910,55,38,66,128/79,0.89,5.0,Elevated Stress
AST-911,42,135,73,123/82,0.88,4.8,Elevated Stress
AST-912,45,20,72,125/79,0.99,5.0,Sleep Disruption
AST-913,46,11,71,106/86,1.08,6.2,Elevated Stress
AST-914,45,121,69,110/78,0.91,4.7,Joint Stiffness
AST-915,48,261,76,107/73,1.1,5.9,Mild Microgravity Atrophy
AST-916,40,213,64,127/80,1.11,5.6,Mild Fatigue
AST-917,44,9,68,125/75,1.07,7.2,Elevated Stress
AST-918,46,207,77,106/85,0.94,4.5,Mild Fatigue
AST-919,40,320,79,126/76,1.14,5.3,None
AST-920,30,133,69,124/78,0.94,7.5,Elevated Stress
AST-921,31,298,81,116/79,0.87,8.5,Joint Stiffness
AST-922,34,230,89,128/82,1.13,6.2,Elevated Stress
AST-923,41,177,69,111/74,0.87,7.7,Elevated Stress
AST-924,46,185,71,120/82,1.08,4.6,Mild Microgravity Atrophy
AST-925,37,113,72,127/88,0.89,4.7,Sleep Disruption
AST-926,34,303,58,129/77,1.1,4.4,Mild Fatigue
AST-927,30,292,86,132/86,1.11,7.7,Cognitive Slowing
AST-928,55,145,72,121/84,1.06,6.5,Headache
AST-929,43,31,62,137/80,1.14,8.4,None
AST-930,53,97,85,129/88,1.12,8.4,Elevated Stress
AST-931,44,101,77,133/68,1.09,4.6,Cognitive Slowing
AST-932,55,119,60,107/75,1.14,5.7,Sleep Disruption
AST-933,54,54,58,133/84,0.91,7.6,Sleep Disruption
AST-934,32,309,80,128/83,1.12,5.0,None
AST-935,31,165,77,126/78,1.14,5.4,Joint Stiffness
AST-936,35,205,66,129/73,1.13,6.8,Mild Fatigue
AST-937,28,269,61,125/75,1.05,5.0,Joint Stiffness
AST-938,41,12,75,109/74,1.12,5.9,Mild Fatigue
AST-939,38,178,77,108/86,1.1,8.0,Elevated Stress
AST-940,49,125,70,122/83,1.06,5.1,Cognitive Slowing
AST-941,36,159,78,119/82,1.04,4.9,Cognitive Slowing
AST-942,49,37,60,130/73,1.0,6.9,Elevated Stress
AST-943,39,306,84,114/83,1.1,6.2,Joint Stiffness
AST-944,30,304,88,123/77,0.94,6.0,Sleep Disruption
AST-945,34,315,75,108/80,0.85,5.7,Sleep Disruption
AST-946,44,86,92,108/81,1.08,6.2,None
AST-947,45,189,79,115/81,1.09,7.4,Cognitive Slowing
AST-948,42,187,63,134/80,1.11,8.4,Sleep Disruption
AST-949,45,189,82,109/81,1.09,6.0,Elevated Stress
AST-950,40,137,67,114/87,0.88,7.9,Mild Microgravity Atrophy
AST-951,49,24,72,137/84,0.87,7.4,Sleep Disruption
AST-952,30,116,64,105/86,1.03,4.4,Headache
AST-953,38,243,84,132/70,0.94,7.2,Joint Stiffness
AST-954,32,275,80,109/86,1.0,8.2,Cognitive Slowing
AST-955,53,86,86,123/79,1.12,6.6,Cognitive Slowing
AST-956,29,124,72,131/88,1.04,4.3,Mild Fatigue
AST-957,47,209,66,112/77,1.01,8.0,Cognitive Slowing
AST-958,43,182,62,109/85,0.89,6.3,Cognitive Slowing
AST-959,47,209,67,116/87,1.08,7.4,Headache
AST-960,54,175,88,119/69,0.88,4.9,None
AST-961,34,263,65,111/86,1.11,6.1,None
AST-962,28,38,91,118/86,1.1,8.0,Joint Stiffness
AST-963,30,212,71,122/79,1.09,6.7,Sleep Disruption
AST-964,30,100,77,134/84,0.96,4.6,Mild Fatigue
AST-965,50,303,72,119/78,1.1,6.7,Elevated Stress
AST-966,35,314,71,112/82,0.94,8.5,Mild Fatigue
AST-967,33,139,92,134/70,0.94,4.5,None
AST-968,35,189,89,124/78,1.12,5.1,Mild Fatigue
AST-969,52,41,75,132/79,0.89,8.3,Cognitive Slowing
AST-970,40,233,66,127/84,0.87,6.5,Sleep Disruption
AST-971,43,121,68,133/83,1.13,5.0,Joint Stiffness
AST-972,51,49,82,134/78,1.09,5.6,Elevated Stress
AST-973,31,201,88,115/82,0.97,8.4,Sleep Disruption
AST-974,47,179,63,130/79,0.95,7.9,Mild Fatigue
AST-975,34,92,71,118/86,1.01,5.6,Mild Fatigue
AST-976,40,14,59,127/84,0.86,6.6,Sleep Disruption
AST-977,36,219,88,122/75,0.91,5.7,Headache
AST-978,37,185,70,124/79,1.01,4.4,Mild Microgravity Atrophy
AST-979,36,112,60,129/80,0.91,6.6,Elevated Stress
AST-980,48,103,72,105/72,0.96,5.1,Sleep Disruption
AST-981,51,246,84,120/84,1.1,5.5,Sleep Disruption
AST-982,46,180,63,111/86,0.9,7.0,Mild Fatigue
AST-983,53,195,91,134/85,0.93,8.2,Cognitive Slowing
AST-984,54,36,75,122/71,1.11,4.4,Sleep Disruption
AST-985,51,290,61,115/70,1.1,6.1,Headache
AST-986,50,129,82,114/74,1.13,8.1,Headache
AST-987,49,191,90,110/71,0.85,6.4,Headache
AST-988,38,236,83,111/84,1.09,4.6,Sleep Disruption
AST-989,31,71,60,130/85,1.11,7.1,Joint Stiffness
AST-990,53,46,58,109/71,0.98,6.4,None
AST-991,48,145,61,130/80,1.02,7.1,Mild Fatigue
AST-992,35,100,90,124/83,1.04,4.5,Joint Stiffness
AST-993,37,28,73,129/79,1.13,8.0,Sleep Disruption
AST-994,34,263,79,132/68,1.07,4.4,Sleep Disruption
AST-995,29,166,83,134/85,1.14,7.8,None
AST-996,34,66,77,130/88,1.06,6.4,Elevated Stress
AST-997,34,252,63,123/75,0.89,4.5,Sleep Disruption
AST-998,51,241,63,128/82,1.04,7.0,Cognitive Slowing
AST-999,30,176,65,108/83,1.09,7.1,Headache
AST-1000,31,110,77,128/80,0.86,8.2,Headache
