feature,importance
cxcl2_percent_normalized_value,0.05490362643878518
il_17e_per_il_25_percent,0.05474018724177507
ctack_percent,0.05064350546838341
mcv_value_femtoliter,0.050411705692697595
ctack_concentration_picogram_per_milliliter,0.04339578896995763
mpo_percent_normalized_value,0.04262681799776839
il_17e_per_il_25_concentration_picogram_per_milliliter,0.040814721374790884
bca_1_concentration_picogram_per_milliliter,0.039571299708520365
wnt16_percent_normalized_value,0.03924844065248478
bca_1_percent,0.034437241152306126
wnt16_concentration_npq,0.031381712918574375
tnfsf12_concentration_npq,0.030133102714585004
fibrinogen_concentration_nanogram_per_milliliter,0.028874990433562564
monocytes_value_percent,0.026973356721212406
sodium_value_millimol_per_liter,0.024211587791993096
fibrinogen_percent,0.023811300564394816
il17b_percent_normalized_value,0.01967918641412981
s100a12_concentration_npq,0.019656441603671054
mpo_concentration_npq,0.0195093781961334
s100a12_percent_normalized_value,0.018961153467410466
